lon,lat,k2,k3,k4,k5,k6
-73.9574045,40.6091307,1,1,1,0,2
-73.9595125,40.5895638,1,1,1,0,2
-73.9200534,40.6688977,0,0,2,1,1
-73.8975686,40.6559822,0,0,2,1,1
-73.981469,40.6908246,0,2,0,4,3
-73.8875939,40.6765889,0,0,2,1,1
-73.9224976,40.6098096,1,0,1,3,5
-73.9101119,40.6739216,0,0,2,1,1
-73.9787824,40.6233217,1,1,3,2,0
-73.8916479,40.659932,0,0,2,1,1
-73.9492753,40.6240728,1,1,1,3,5
-73.9556114,40.5813966,1,1,1,0,2
-74.0229587,40.6268923,1,1,3,2,0
-73.9168455,40.7004109,0,2,0,1,4
-74.0274902,40.6169854,1,1,3,2,0
-73.9652647,40.6198737,1,1,1,0,2
-73.9297023,40.6938623,0,2,0,4,4
-73.9715677,40.6299872,1,1,3,2,0
-73.9436055,40.6492783,0,0,2,3,5
-73.94992,40.676094,0,2,0,4,3
-73.9252653,40.6790734,0,0,2,1,1
-73.8999892,40.6328458,0,0,2,1,1
-73.9612157,40.6945991,0,2,0,4,4
-73.8949099,40.6759124,0,0,2,1,1
-73.9493687,40.6624532,0,0,2,3,5
-73.9482076,40.7141641,0,2,0,4,4
-73.9606312,40.7135076,0,2,0,4,4
-73.9046588,40.6326356,0,0,2,1,1
-73.8869359,40.6776972,0,0,2,1,1
-73.8818271,40.6676022,0,0,2,1,1
-73.941946,40.6720783,0,2,2,4,5
-73.9963405,40.6814746,0,2,3,2,3
-74.00136,40.629597,1,1,3,2,0
-73.9832752,40.6635006,1,2,3,2,3
-73.8868607,40.6773595,0,0,2,1,1
-73.9868618,40.6992188,0,2,0,4,3
-73.9440046,40.7019617,0,2,0,4,4
-73.9544874,40.6723145,0,2,0,4,3
-73.9307664,40.6553345,0,0,2,3,5
-73.9906986,40.7025403,0,2,0,4,3
-73.9776156,40.6331533,1,1,3,2,0
-73.9548849,40.628335,1,1,1,3,5
-73.9461097,40.6363872,1,0,2,3,5
-73.9322649,40.6419491,0,0,2,3,5
-73.9677125,40.7052151,0,2,0,4,4
-73.9332254,40.6759684,0,0,2,1,1
-73.9360259,40.6878906,0,2,0,4,4
-73.9906934,40.6624502,1,1,3,2,3
-73.9008879,40.6390525,0,0,2,1,1
-73.9686568,40.6146211,1,1,1,0,2
-73.9313107,40.7042577,0,2,0,4,4
-73.9575297,40.7294178,0,2,0,4,4
-73.9651886,40.6897833,0,2,0,4,3
-73.9276911,40.6064808,1,0,1,3,5
-73.9397158,40.6746326,0,2,0,4,4
-73.9691048,40.6894687,0,2,0,4,3
-73.9166866,40.6803713,0,0,2,1,1
-73.952205,40.7233196,0,2,0,4,4
-73.9943603,40.6902385,0,2,0,4,3
-73.9268932,40.7036676,0,2,0,4,4
-73.9560368,40.7336359,0,2,0,4,4
-73.9089596,40.6861541,0,0,2,1,1
-73.9486116,40.7093912,0,2,0,4,4
-73.92737,40.6235615,1,0,2,3,5
-73.9623848,40.680678,0,2,0,4,3
-73.9114377,40.633857,0,0,2,3,5
-73.984279,40.610175,1,1,1,0,2
-73.9488887,40.6444252,0,0,2,3,5
-73.9582932,40.6798312,0,2,0,4,3
-73.9033142,40.6778685,0,0,2,1,1
-73.958191,40.710578,0,2,0,4,4
-73.9872553,40.6220219,1,1,3,2,0
-73.9187093,40.6744028,0,0,2,1,1
-73.9867258,40.5857713,1,1,1,0,2
-73.9562279,40.6404318,1,1,2,3,5
-73.9286112,40.6351864,0,0,2,3,5
-73.9647845,40.6016344,1,1,1,0,2
-73.8946807,40.6475284,0,0,2,1,1
-73.9108345,40.6700081,0,0,2,1,1
-73.9307959,40.6373369,0,0,2,3,5
-73.9679609,40.6837264,0,2,0,4,3
-73.9533863,40.659227,0,0,2,3,5
-73.9078755,40.5965113,1,0,1,3,5
-73.8961904,40.6731495,0,0,2,1,1
-73.9595241,40.6357861,1,1,3,3,5
-73.9001107,40.6383656,0,0,2,1,1
-73.9251158,40.6933955,0,2,0,4,4
-73.9551127,40.7128193,0,2,0,4,4
-73.9664358,40.5832749,1,1,1,0,2
-73.9547667,40.632669,1,1,1,3,5
-73.9186024,40.6320672,0,0,2,3,5
-73.9930182,40.6974627,0,2,0,4,3
-74.0113274,40.6337945,1,1,3,2,0
-73.9275386,40.6772496,0,0,2,1,1
-73.9489157,40.6939053,0,2,0,4,4
-73.9137605,40.6541702,0,0,2,1,1
-73.9830947,40.5937335,1,1,1,0,2
-73.9723956,40.6056521,1,1,1,0,2
-73.98056,40.6919882,0,2,0,4,3
-74.0131754,40.6320129,1,1,3,2,0
-73.9977679,40.6911938,0,2,0,4,3
-73.9604721,40.6472432,1,1,3,3,5
-73.946481,40.6317075,1,0,2,3,5
-73.9539999,40.6736318,0,2,0,4,3
-73.973516,40.6228375,1,1,1,0,2
-73.8895878,40.6698908,0,0,2,1,1
-73.9656953,40.6442201,1,1,3,3,5
-73.9901326,40.7007397,0,2,0,4,3
-73.9162665,40.6646544,0,0,2,1,1
-73.9989518,40.6215615,1,1,3,2,0
-73.9651721,40.6247649,1,1,1,0,5
-73.9532053,40.6396923,1,0,2,3,5
-73.9373504,40.7135466,0,2,0,4,4
-73.9345287,40.7144344,0,2,0,4,4
-73.9732655,40.6546496,1,1,3,2,3
-73.9024987,40.634009,0,0,2,1,1
-73.9125376,40.6495223,0,0,2,1,1
-73.9191855,40.6532903,0,0,2,1,1
-74.0130693,40.6237209,1,1,3,2,0
-73.9380262,40.6656014,0,0,2,3,5
-73.9818306,40.6737741,0,2,0,4,3
-73.9614295,40.6616893,0,2,0,3,3
-73.9299991,40.6481811,0,0,2,3,5
-73.9451224,40.6364471,1,0,2,3,5
-74.031498,40.6374358,1,1,3,2,0
-73.9730349,40.6812629,0,2,0,4,3
-74.0055846,40.6358672,1,1,3,2,0
-73.8825104,40.6562148,0,0,2,1,1
-73.9830033,40.5848102,1,1,1,0,2
-73.9416182,40.6306072,1,0,2,3,5
-73.9599419,40.5819581,1,1,1,0,2
-73.8944384,40.666297,0,0,2,1,1
-73.962186,40.6497882,1,1,3,3,5
-73.9057928,40.6893657,0,0,2,1,1
-73.9407364,40.6985812,0,2,0,4,4
-73.9818291,40.6792225,0,2,0,4,3
-73.9543326,40.6773429,0,2,0,4,3
-73.9592007,40.6461284,1,1,3,3,5
-74.0021659,40.6529481,1,1,3,2,0
-73.9538481,40.6637286,0,2,0,3,5
-73.9302061,40.6501081,0,0,2,3,5
-73.9804599,40.6764116,0,2,0,4,3
-73.9278604,40.6464396,0,0,2,3,5
-73.9588329,40.594054,1,1,1,0,2
-73.9343074,40.6644959,0,0,2,3,5
-73.9513656,40.701858,0,2,0,4,4
-73.8655633,40.6690638,0,0,2,1,1
-73.9471611,40.7055122,0,2,0,4,4
-74.0030201,40.6534751,1,1,3,2,0
-73.9151117,40.6855577,0,0,2,1,1
-73.9498624,40.681804,0,2,0,4,4
-73.9715677,40.6299872,1,1,3,2,0
-73.9229145,40.6542782,0,0,2,3,5
-73.943169,40.7175158,0,2,0,4,4
-73.9436095,40.5891481,1,1,1,0,2
-73.9783481,40.6627999,1,2,3,2,3
-73.9481706,40.7246381,0,2,0,4,4
-73.9681792,40.67959,0,2,0,4,3
-73.8612312,40.6669479,0,0,2,1,1
-73.9856325,40.6637974,1,2,3,2,3
-74.0236552,40.6199616,1,1,3,2,0
-73.9875875,40.5786651,1,1,1,0,2
-73.9363202,40.6893537,0,2,0,4,4
-73.9342298,40.6078983,1,0,1,3,5
-73.8887724,40.6703265,0,0,2,1,1
-73.9911065,40.5918817,1,1,1,0,2
-73.9709207,40.6265698,1,1,1,0,2
-73.9848092,40.6386166,1,1,3,2,0
-73.9859336,40.6375353,1,1,3,2,0
-73.899075,40.6656095,0,0,2,1,1
-73.9120649,40.644521,0,0,2,1,1
-74.0267714,40.6208475,1,1,3,2,0
-73.9078755,40.5965113,1,0,1,3,5
-74.0174913,40.6448799,1,1,3,2,0
-73.9882988,40.6898703,0,2,0,4,3
-73.9504404,40.6899892,0,2,0,4,4
-73.9659052,40.6000839,1,1,1,0,2
-73.9771826,40.6454142,1,1,3,2,0
-73.8974769,40.6781627,0,0,2,1,1
-73.9208682,40.6262526,0,0,2,3,5
-73.8974769,40.6781627,0,0,2,1,1
-73.9082236,40.6838644,0,0,2,1,1
-73.8845511,40.6682829,0,0,2,1,1
-73.9127186,40.6461217,0,0,2,1,1
-73.9239744,40.6191319,1,0,2,3,5
-73.8906229,40.6585778,0,0,2,1,1
-73.9373966,40.6797311,0,2,0,4,4
-73.8909597,40.6752252,0,0,2,1,1
-73.9526423,40.5903077,1,1,1,0,2
-73.956076,40.5921015,1,1,1,0,2
-73.9556741,40.5899851,1,1,1,0,2
-73.8983484,40.6173115,0,0,2,3,1
-73.9129791,40.6453259,0,0,2,1,1
-73.9462597,40.6470069,0,0,2,3,5
-73.9711345,40.5820191,1,1,1,0,2
-73.9290511,40.6686786,0,0,2,1,1
-73.9295994,40.6444315,0,0,2,3,5
-73.9727156,40.6775217,0,2,0,4,3
-73.9894863,40.6598782,1,1,3,2,3
-73.9985947,40.6425838,1,1,3,2,0
-73.9531302,40.71076,0,2,0,4,4
-73.9469994,40.6775017,0,2,0,4,4
-73.8715626,40.6816856,0,0,2,1,1
-73.9530759,40.6187742,1,1,1,3,5
-73.9530759,40.6187742,1,1,1,3,5
-73.920549,40.6886412,0,0,2,1,1
-73.9853635,40.6906659,0,2,0,4,3
-73.9905035,40.578358,1,1,1,0,2
-73.9491535,40.6468847,0,0,2,3,5
-73.9257218,40.6446733,0,0,2,3,5
-73.9632782,40.5772134,1,1,1,0,2
-73.8824124,40.6484415,0,0,2,1,1
-73.9384349,40.6797866,0,2,0,4,4
-73.9459301,40.6934977,0,2,0,4,4
-73.9376305,40.7033747,0,2,0,4,4
-73.9438905,40.6832396,0,2,0,4,4
-73.9435263,40.69603,0,2,0,4,4
-73.9585253,40.7355527,0,2,0,4,4
-73.9763943,40.6430508,1,1,3,2,0
-73.9833217,40.6936492,0,2,0,4,3
-73.9159014,40.6197521,0,0,2,3,5
-73.8971676,40.6730159,0,0,2,1,1
-73.955497,40.7099485,0,2,0,4,4
-73.9379797,40.711815,0,2,0,4,4
-73.928315,40.6257854,1,0,2,3,5
-73.9247844,40.6771023,0,0,2,1,1
-73.9280981,40.6398578,0,0,2,3,5
-73.9905035,40.578358,1,1,1,0,2
-73.9880022,40.6750759,0,2,3,2,3
-73.9846394,40.5935526,1,1,1,0,2
-73.9168551,40.6724994,0,0,2,1,1
-73.9658027,40.7089008,0,2,0,4,4
-73.9658512,40.712683,0,2,0,4,4
-73.9552939,40.6792042,0,2,0,4,3
-73.9912114,40.6426851,1,1,3,2,0
-73.9543062,40.6947914,0,2,0,4,4
-73.9942667,40.6049965,1,1,1,0,2
-73.9263299,40.7140452,0,2,0,4,4
-73.9840884,40.6392972,1,1,3,2,0
-73.9118982,40.6589172,0,0,2,1,1
-73.976997,40.6298704,1,1,3,2,0
-73.9164642,40.6766464,0,0,2,1,1
-73.9535403,40.6606489,0,2,2,3,5
-73.9497681,40.6776512,0,2,0,4,3
-73.9448015,40.7064415,0,2,0,4,4
-73.9164642,40.6766464,0,0,2,1,1
-73.9841275,40.5960695,1,1,1,0,2
-74.0262626,40.6279209,1,1,3,2,0
-73.976049,40.6312756,1,1,3,2,0
-73.9224254,40.6812097,0,0,2,1,1
-73.9041314,40.6385777,0,0,2,1,1
-73.9276152,40.6764454,0,0,2,1,1
-73.9722693,40.6410626,1,1,3,2,0
-74.0118335,40.6229635,1,1,3,2,0
-73.9480682,40.6661388,0,2,2,3,5
-74.0116096,40.6404149,1,1,3,2,0
-73.921631,40.700675,0,2,0,4,4
-73.9171955,40.6160915,1,0,2,3,5
-73.8975686,40.6559822,0,0,2,1,1
-73.9306135,40.6741471,0,0,2,1,1
-73.9495012,40.696848,0,2,0,4,4
-73.9404116,40.6948811,0,2,0,4,4
-73.9540418,40.6388774,1,1,2,3,5
-74.0032536,40.6381043,1,1,3,2,0
-73.9386598,40.6860914,0,2,0,4,4
-73.9413784,40.6780095,0,2,0,4,4
-73.8891495,40.6754953,0,0,2,1,1
-73.9598409,40.7200755,0,2,0,4,4
-73.9726364,40.6508616,1,1,3,2,3
-73.9917425,40.5734312,1,1,1,0,2
-73.9927692,40.665508,1,2,3,2,3
-73.9000457,40.6768941,0,0,2,1,1
-73.9195931,40.661997,0,0,2,1,1
-73.975589,40.6870851,0,2,0,4,3
-73.9577247,40.717835,0,2,0,4,4
-73.9577247,40.717835,0,2,0,4,4
-73.9909565,40.636147,1,1,3,2,0
-74.0310592,40.6234622,1,1,3,2,0
-73.9980109,40.6431465,1,1,3,2,0
-73.8968533,40.6757357,0,0,2,1,1
-73.9306857,40.6636209,0,0,2,3,5
-73.8810776,40.6714688,0,0,2,1,1
-73.9745818,40.6334876,1,1,3,2,0
-73.9546828,40.6872462,0,2,0,4,4
-73.9624863,40.7053507,0,2,0,4,4
-73.9210328,40.6881146,0,0,2,1,1
-73.9850075,40.6057313,1,1,1,0,2
-73.8655633,40.6690638,0,0,2,1,1
-73.9630763,40.6494399,1,1,3,3,5
-73.929027,40.7082774,0,2,0,4,4
-73.9524697,40.6506684,0,0,2,3,5
-73.9235659,40.6424981,0,0,2,3,5
-73.9129115,40.6667461,0,0,2,1,1
-73.9872553,40.6220219,1,1,3,2,0
-74.0235199,40.6346161,1,1,3,2,0
-73.9477726,40.6339973,1,0,2,3,5
-73.9571664,40.6997084,0,2,0,4,4
-74.0180605,40.6443254,1,1,3,2,0
-73.9597977,40.713886,0,2,0,4,4
-73.9379797,40.711815,0,2,0,4,4
-73.9912096,40.629005,1,1,3,2,0
-74.0110296,40.6409749,1,1,3,2,0
-73.9894885,40.6233698,1,1,3,2,0
-73.9686568,40.6146211,1,1,1,0,2
-73.9676868,40.6094167,1,1,1,0,2
-73.8996267,40.6414915,0,0,2,1,1
-73.9113219,40.672196,0,0,2,1,1
-73.9339176,40.6394962,0,0,2,3,5
-73.8862898,40.6527684,0,0,2,1,1
-73.9457743,40.725433,0,2,0,4,4
-73.9493575,40.6961206,0,2,0,4,4
-73.942223,40.6894282,0,2,0,4,4
-73.9709347,40.6192495,1,1,1,0,2
-73.9164733,40.6578502,0,0,2,1,1
-73.9547539,40.7206006,0,2,0,4,4
-73.9755114,40.6333862,1,1,3,2,0
-74.0135708,40.6277283,1,1,3,2,0
-73.9443425,40.6470773,0,0,2,3,5
-73.9303181,40.6774132,0,0,2,1,1
-73.9872545,40.607244,1,1,1,0,2
-73.9635563,40.6416092,1,1,3,3,5
-73.9281805,40.6704292,0,0,2,1,1
-73.9973009,40.6472719,1,1,3,2,0
-73.9514819,40.7304639,0,2,0,4,4
-73.9219163,40.6449096,0,0,2,3,5
-73.9595323,40.7114239,0,2,0,4,4
-73.9298351,40.6327553,0,0,2,3,5
-74.0381977,40.6275992,1,1,3,2,0
-73.919232,40.6476443,0,0,2,3,5
-73.9212962,40.6390546,0,0,2,3,5
-73.9802671,40.6579365,1,1,3,2,3
-74.0032536,40.6381043,1,1,3,2,0
-73.9317338,40.6010623,1,0,1,0,2
-73.940894,40.7039144,0,2,0,4,4
-73.9576147,40.7036391,0,2,0,4,4
-73.9620803,40.575761,1,1,1,0,2
-73.9557895,40.6495224,0,0,2,3,5
-73.9186024,40.6320672,0,0,2,3,5
-73.9556509,40.6466293,1,0,2,3,5
-73.9958941,40.6695924,1,2,3,2,3
-73.946658,40.7077544,0,2,0,4,4
-73.923009,40.6067166,1,0,1,3,5
-73.8965093,40.674396,0,0,2,1,1
-73.980302,40.600897,1,1,1,0,2
-73.9956767,40.6307894,1,1,3,2,0
-73.9979393,40.6294253,1,1,3,2,0
-74.0015202,40.6259834,1,1,3,2,0
-73.9481952,40.7068521,0,2,0,4,4
-74.0062416,40.6490229,1,1,3,2,0
-73.9362074,40.7205753,0,2,0,4,4
-73.933382,40.6743025,0,0,2,1,1
-73.8966494,40.6561186,0,0,2,1,1
-73.9616177,40.6666958,0,2,0,4,3
-73.9478547,40.7041126,0,2,0,4,4
-73.9124432,40.688553,0,0,2,1,1
-73.9543789,40.730907,0,2,0,4,4
-74.015738,40.6364509,1,1,3,2,0
-73.919961,40.6527885,0,0,2,1,1
-74.0140002,40.64824,1,1,3,2,0
-73.9253821,40.642384,0,0,2,3,5
-73.874567,40.6849552,0,0,2,1,1
-73.9763729,40.6117684,1,1,1,0,2
-74.0038533,40.602669,1,1,3,0,0
-73.9390758,40.6728262,0,0,2,4,5
-73.912423,40.6572461,0,0,2,1,1
-74.0073338,40.6515124,1,1,3,2,0
-73.9706295,40.5926633,1,1,1,0,2
-73.9543062,40.6947914,0,2,0,4,4
-73.9563012,40.6550478,0,0,2,3,5
-73.9406885,40.7119619,0,2,0,4,4
-74.0179326,40.6377818,1,1,3,2,0
-73.9577067,40.6382311,1,1,3,3,5
-74.0136227,40.6350212,1,1,3,2,0
-73.9162995,40.6785759,0,0,2,1,1
-73.9642156,40.6350987,1,1,3,3,5
-73.9113364,40.6720753,0,0,2,1,1
-73.9638107,40.6175896,1,1,1,0,2
-73.9254802,40.641588,0,0,2,3,5
-73.9543917,40.6857804,0,2,0,4,4
-73.9862718,40.6921949,0,2,0,4,3
-73.9307664,40.6553345,0,0,2,3,5
-73.9919451,40.624855,1,1,3,2,0
-73.9500096,40.682537,0,2,0,4,4
-73.9401581,40.6437815,0,0,2,3,5
-73.9865462,40.5836578,1,1,1,0,2
-74.0048751,40.6399954,1,1,3,2,0
-73.9399594,40.7083906,0,2,0,4,4
-73.9665738,40.6815658,0,2,0,4,3
-73.9502486,40.6570957,0,0,2,3,5
-73.9935407,40.6267682,1,1,3,2,0
-74.0230727,40.6333618,1,1,3,2,0
-73.9299991,40.6481811,0,0,2,3,5
-73.9616787,40.6797033,0,2,0,4,3
-73.9403276,40.6798891,0,2,0,4,4
-73.961304,40.57976,1,1,1,0,2
-73.9874573,40.6395035,1,1,3,2,0
-73.9487732,40.7104315,0,2,0,4,4
-74.0053743,40.618844,1,1,3,2,0
-74.0004574,40.6059354,1,1,3,0,0
-73.9885511,40.6070026,1,1,1,0,2
-73.9868932,40.5763924,1,1,1,0,2
-73.9840137,40.5901544,1,1,1,0,2
-73.9683898,40.7068292,0,2,0,4,4
-73.9265457,40.6523922,0,0,2,3,5
-73.981,40.6283094,1,1,3,2,0
-73.9322649,40.6419491,0,0,2,3,5
-73.9074704,40.6471826,0,0,2,1,1
-73.9038128,40.622191,0,0,2,3,5
-73.981,40.6283094,1,1,3,2,0
-73.9453483,40.690566,0,2,0,4,4
-73.9480392,40.6895106,0,2,0,4,4
-73.9611433,40.7075241,0,2,0,4,4
-73.9339793,40.7155896,0,2,0,4,4
-73.9534376,40.6682244,0,2,0,4,3
-73.9613466,40.6804635,0,2,0,4,3
-74.0169076,40.6454454,1,1,3,2,0
-73.8628301,40.6694586,0,0,2,1,1
-73.9598709,40.7002336,0,2,0,4,4
-73.8934829,40.677761,0,0,2,1,1
-73.9450215,40.6627147,0,0,2,3,5
-73.9549775,40.688712,0,2,0,4,4
-73.9427329,40.7044725,0,2,0,4,4
-73.9952911,40.6323924,1,1,3,2,0
-73.964927,40.6388511,1,1,3,3,5
-73.9679172,40.6396507,1,1,3,3,5
-73.9276429,40.7040907,0,2,0,4,4
-73.9956963,40.6626948,1,1,3,2,3
-73.9804621,40.6812232,0,2,0,4,3
-74.0160711,40.6431097,1,1,3,2,0
-73.9762114,40.5798272,1,1,1,0,2
-73.9722057,40.5860021,1,1,1,0,2
-73.9276125,40.6258233,1,0,2,3,5
-73.9718517,40.6314942,1,1,3,2,0
-73.9890171,40.5761593,1,1,1,0,2
-73.946481,40.6317075,1,0,2,3,5
-73.946481,40.6317075,1,0,2,3,5
-73.995851,40.667973,1,2,3,2,3
-73.9372659,40.6346508,1,0,2,3,5
-74.022639,40.6294862,1,1,3,2,0
-73.924128,40.6900051,0,2,0,1,4
-73.9511173,40.7109568,0,2,0,4,4
-73.9491181,40.7263019,0,2,0,4,4
-73.9311201,40.6687978,0,0,2,1,1
-73.9517381,40.7254356,0,2,0,4,4
-73.9598617,40.6556338,0,2,3,3,5
-73.9059739,40.640237,0,0,2,1,1
-73.9232296,40.6121926,1,0,2,3,5
-73.936979,40.7019114,0,2,0,4,4
-73.937483,40.6952172,0,2,0,4,4
-73.9746155,40.6871919,0,2,0,4,3
-73.9349879,40.6208652,1,0,1,3,5
-73.9307664,40.6553345,0,0,2,3,5
-74.0105715,40.6379639,1,1,3,2,0
-73.9497788,40.6348134,1,0,2,3,5
-73.9466104,40.6410646,1,0,2,3,5
-73.9245917,40.6466434,0,0,2,3,5
-73.9742856,40.5887089,1,1,1,0,2
-73.9386241,40.6778626,0,2,0,4,4
-73.897203,40.6289594,0,0,2,1,1
-73.9399649,40.6622318,0,0,2,3,5
-73.9543177,40.6727536,0,2,0,4,3
-73.9762346,40.6259754,1,1,3,2,0
-73.918015,40.6702714,0,0,2,1,1
-73.918015,40.6702714,0,0,2,1,1
-73.9244699,40.6237435,1,0,2,3,5
-73.948221,40.6644014,0,0,2,3,5
-73.9334286,40.6348847,0,0,2,3,5
-73.94538,40.6651,0,0,2,3,5
-73.9637444,40.7064792,0,2,0,4,4
-73.9546828,40.6872462,0,2,0,4,4
-73.955306,40.736578,0,2,0,4,4
-73.9552712,40.6701245,0,2,0,4,3
-73.9239744,40.6191319,1,0,2,3,5
-73.9450059,40.7079101,0,2,0,4,4
-73.9812022,40.5755654,1,1,1,0,2
-73.917751,40.6241643,0,0,2,3,5
-73.9253821,40.642384,0,0,2,3,5
-74.0127028,40.6290239,1,1,3,2,0
-73.9457051,40.6510057,0,0,2,3,5
-73.9390758,40.6728262,0,0,2,4,5
-73.9222993,40.6718993,0,0,2,1,1
-73.959474,40.5758727,1,1,1,0,2
-73.9086739,40.6578031,0,0,2,1,1
-74.0184306,40.6408367,1,1,3,2,0
-74.0000829,40.648046,1,1,3,2,0
-73.9552939,40.6792042,0,2,0,4,3
-74.0185524,40.6509814,1,1,3,2,0
-73.9500905,40.6997906,0,2,0,4,4
-73.9593299,40.6529272,0,0,3,3,5
-73.9226143,40.6427335,0,0,2,3,5
-73.9370159,40.6323121,1,0,2,3,5
-73.9306058,40.6538055,0,0,2,3,5
-73.9322649,40.6419491,0,0,2,3,5
-73.9878392,40.6598177,1,1,3,2,3
-73.9608678,40.5808248,1,1,1,0,2
-73.9861892,40.5862763,1,1,1,0,2
-73.9982427,40.5976845,1,1,1,0,2
-73.9923627,40.6896895,0,2,0,4,3
-73.9817565,40.6415366,1,1,3,2,0
-73.9736856,40.6770772,0,2,0,4,3
-73.9546088,40.7323234,0,2,0,4,4
-73.8873872,40.6409806,0,0,2,1,1
-73.9446133,40.7159383,0,2,0,4,4
-73.940233,40.7170917,0,2,0,4,4
-73.892095,40.6286583,0,0,2,1,1
-73.997557,40.6401355,1,1,3,2,0
-73.9497689,40.6526435,0,0,2,3,5
-73.9421068,40.7110596,0,2,0,4,4
-74.0032408,40.6718514,1,2,3,2,3
-74.0135519,40.6767967,1,2,3,2,3
-73.9529114,40.7140618,0,2,0,4,4
-73.9698248,40.5884279,1,1,1,0,2
-73.9884946,40.6419547,1,1,3,2,0
-73.9556973,40.7070418,0,2,0,4,4
-73.9781533,40.6302824,1,1,3,2,0
-73.9527522,40.714737,0,2,0,4,4
-73.9981159,40.6258159,1,1,3,2,0
-73.9532221,40.7083529,0,2,0,4,4
-73.9352238,40.6969863,0,2,0,4,4
-74.0210119,40.6334692,1,1,3,2,0
-73.9596347,40.5779945,1,1,1,0,2
-73.9023562,40.6476889,0,0,2,1,1
-73.8609622,40.6697253,0,0,2,1,1
-73.9440206,40.6270896,1,0,1,3,5
-73.9757996,40.6235929,1,1,3,0,0
-73.992772,40.5731979,1,1,1,0,2
-73.9765134,40.5914514,1,1,1,0,2
-73.9217849,40.6524906,0,0,2,3,5
-73.930381,40.6517331,0,0,2,3,5
-73.9731855,40.6385239,1,1,3,2,0
-73.8783762,40.6682327,0,0,2,1,1
-73.9962071,40.6817243,0,2,3,2,3
-73.9450742,40.6118867,1,1,1,3,2
-73.9254121,40.6702792,0,0,2,1,1
-73.9663001,40.6095563,1,1,1,0,2
-73.9634925,40.7186686,0,2,0,4,4
-73.9891681,40.688616,0,2,0,4,3
-73.9508825,40.6869317,0,2,0,4,4
-73.925707,40.6353658,0,0,2,3,5
-73.9628402,40.6980388,0,2,0,4,4
-73.9331802,40.7137996,0,2,0,4,4
-73.9363409,40.7167794,0,2,0,4,4
-73.9222151,40.6297311,0,0,2,3,5
-73.976665,40.6829709,0,2,0,4,3
-73.9019314,40.6400004,0,0,2,1,1
-73.9054185,40.6431296,0,0,2,1,1
-73.9088844,40.6699599,0,0,2,1,1
-73.9560377,40.7213971,0,2,0,4,4
-73.976609,40.5753038,1,1,1,0,2
-73.9437986,40.6511064,0,0,2,3,5
-73.9089439,40.6316153,0,0,2,3,5
-73.9474279,40.6142236,1,1,1,3,5
-73.9198103,40.6882125,0,0,2,1,1
-73.8751231,40.6652456,0,0,2,1,1
-73.9096977,40.6656265,0,0,2,1,1
-73.9550751,40.7043106,0,2,0,4,4
-73.9148496,40.7016172,0,2,0,1,4
-73.8870759,40.6439859,0,0,2,1,1
-73.9287885,40.5973221,1,0,1,0,2
-74.0016836,40.6751012,1,2,3,2,3
-74.0116841,40.6541333,1,1,3,2,0
-73.9287885,40.5973221,1,0,1,0,2
-73.9285232,40.6668667,0,0,2,1,1
-73.9309021,40.6566109,0,0,2,3,5
-73.966775,40.6322943,1,1,3,3,5
-73.8969027,40.6460921,0,0,2,1,1
-73.9999424,40.615781,1,1,3,2,0
-73.9085253,40.6610144,0,0,2,1,1
-73.9494698,40.7050191,0,2,0,4,4
-73.930381,40.6517331,0,0,2,3,5
-73.9102422,40.6895998,0,0,2,1,1
-73.9113877,40.6198942,0,0,2,3,5
-73.9743798,40.5871993,1,1,1,0,2
-73.9589671,40.6393047,1,1,3,3,5
-73.9435263,40.69603,0,2,0,4,4
-74.0099287,40.6521655,1,1,3,2,0
-73.9236088,40.6616622,0,0,2,1,1
-73.9956963,40.6626948,1,1,3,2,3
-73.98906,40.6441204,1,1,3,2,0
-73.925707,40.6353658,0,0,2,3,5
-73.9688912,40.5752608,1,1,1,0,2
-73.9576666,40.6105032,1,1,1,0,2
-73.98835,40.6445622,1,1,3,2,0
-74.0360929,40.6125584,1,1,3,2,0
-73.9182647,40.6194848,1,0,2,3,5
-74.025047,40.6235899,1,1,3,2,0
-74.0000324,40.577244,1,1,1,0,2
-74.0355569,40.6340613,1,1,3,2,0
-73.9353599,40.6347677,0,0,2,3,5
-73.901433,40.6457036,0,0,2,1,1
-74.0128328,40.64936,1,1,3,2,0
-73.9366363,40.6224004,1,0,1,3,5
-73.9962766,40.6621404,1,1,3,2,3
-74.0160711,40.6431097,1,1,3,2,0
-73.9963931,40.6412553,1,1,3,2,0
-73.9480158,40.6362673,1,0,2,3,5
-73.9107412,40.6696841,0,0,2,1,1
-73.9476978,40.6328856,1,0,2,3,5
-73.9688579,40.6776634,0,2,0,4,3
-73.8896944,40.6338025,0,0,2,1,1
-73.9978811,40.6467175,1,1,3,2,0
-73.9718339,40.5798042,1,1,1,0,2
-73.9718339,40.5798042,1,1,1,0,2
-73.950335,40.6716376,0,2,0,4,3
-73.9602915,40.6903471,0,2,0,4,3
-73.9524386,40.7346885,0,2,0,4,4
-73.9743118,40.6797343,0,2,0,4,3
-73.9661729,40.6404324,1,1,3,3,5
-74.0210119,40.6334692,1,1,3,2,0
-73.9256052,40.6685062,0,0,2,1,1
-73.9347028,40.7172094,0,2,0,4,4
-73.9334126,40.5967567,1,1,1,0,2
-73.9638597,40.5869192,1,1,1,0,2
-73.8789856,40.6602158,0,0,2,1,1
-74.0180605,40.6443254,1,1,3,2,0
-73.9560111,40.6523139,0,0,2,3,5
-73.9295931,40.6538626,0,0,2,3,5
-73.9282635,40.6502277,0,0,2,3,5
-73.9839237,40.6948378,0,2,0,4,3
-73.9275386,40.6772496,0,0,2,1,1
-74.0100434,40.6246874,1,1,3,2,0
-73.981748,40.6857413,0,2,0,4,3
-73.9579745,40.670658,0,2,0,4,3
-74.0039065,40.6512655,1,1,3,2,0
-73.9435456,40.609347,1,1,1,0,2
-74.0093449,40.6527254,1,1,3,2,0
-73.9538363,40.5817444,1,1,1,0,2
-73.975488,40.6382692,1,1,3,2,0
-74.0019602,40.6427979,1,1,3,2,0
-73.9544326,40.6259441,1,1,1,3,5
-73.9649856,40.6026308,1,1,1,0,2
-73.9468394,40.7290319,0,2,0,4,4
-73.9615811,40.6363687,1,1,3,3,5
-73.965485,40.5978331,1,1,1,0,2
-73.9838323,40.6254635,1,1,3,2,0
-73.9526858,40.7270994,0,2,0,4,4
-73.9262037,40.6130427,1,0,1,3,5
-73.9059739,40.640237,0,0,2,1,1
-73.985654,40.5806604,1,1,1,0,2
-73.9622195,40.7178613,0,2,0,4,4
-73.9450151,40.7010921,0,2,0,4,4
-73.9796825,40.6366396,1,1,3,2,0
-73.9481706,40.7246381,0,2,0,4,4
-73.9433549,40.6558272,0,0,2,3,5
-73.9245912,40.6790318,0,0,2,1,1
-73.9713978,40.6482565,1,1,3,2,3
-73.9640727,40.7130805,0,2,0,4,4
-73.9890305,40.6921238,0,2,0,4,3
-73.9497508,40.5906331,1,1,1,0,2
-73.9296237,40.6351212,0,0,2,3,5
-73.9389813,40.6737072,0,2,2,4,5
-74.0184306,40.6408367,1,1,3,2,0
-73.9309525,40.6705818,0,0,2,1,1
-73.9526815,40.6467434,0,0,2,3,5
-73.8808552,40.6627814,0,0,2,1,1
-73.8927708,40.63181,0,0,2,1,1
-73.9165445,40.6758395,0,0,2,1,1
-73.930381,40.6517331,0,0,2,3,5
-73.9248696,40.5918822,1,0,1,0,2
-73.9585504,40.706881,0,2,0,4,4
-73.9516457,40.7234868,0,2,0,4,4
-73.9501807,40.7190095,0,2,0,4,4
-73.9501807,40.7190095,0,2,0,4,4
-73.996347,40.6275094,1,1,3,2,0
-73.8818096,40.6713516,0,0,2,1,1
-74.0121932,40.6398549,1,1,3,2,0
-73.9618989,40.6981895,0,2,0,4,4
-73.9647775,40.6830392,0,2,0,4,3
-74.0027306,40.6248223,1,1,3,2,0
-73.9170232,40.6706879,0,0,2,1,1
-74.0138151,40.6417459,1,1,3,2,0
-73.9392613,40.6710339,0,0,2,3,5
-73.9821315,40.6271705,1,1,3,2,0
-73.9571303,40.6884631,0,2,0,4,4
-73.9865619,40.6843888,0,2,0,4,3
-73.9543646,40.5830814,1,1,1,0,2
-73.9600738,40.6564847,0,2,3,3,5
-73.9497491,40.621578,1,1,1,3,5
-73.8806133,40.6791098,0,0,2,1,1
-73.9514645,40.6898634,0,2,0,4,4
-73.9736422,40.6409147,1,1,3,2,0
-73.9534615,40.6599379,0,0,2,3,5
-73.9965491,40.6901041,0,2,0,4,3
-73.9532706,40.6700084,0,2,0,4,3
-73.9738918,40.5923045,1,1,1,0,2
-73.9470156,40.6843801,0,2,0,4,4
-73.9443094,40.6134125,1,1,1,3,5
-73.9266283,40.6166112,1,0,2,3,5
-73.9612231,40.5828231,1,1,1,0,2
-73.9427511,40.6413042,0,0,2,3,5
-73.9006613,40.6605851,0,0,2,1,1
-73.9092916,40.6488172,0,0,2,1,1
-73.9203766,40.6487787,0,0,2,3,5
-73.9525139,40.6442813,1,0,2,3,5
-73.9628402,40.6980388,0,2,0,4,4
-73.9492066,40.6953767,0,2,0,4,4
-73.9599439,40.7107873,0,2,0,4,4
-73.9879639,40.6075652,1,1,1,0,2
-74.0114127,40.6475898,1,1,3,2,0
-73.9332966,40.6516058,0,0,2,3,5
-73.9332966,40.6516058,0,0,2,3,5
-73.918295,40.6594846,0,0,2,1,1
-73.9429769,40.6342942,1,0,2,3,5
-73.9573389,40.6724144,0,2,0,4,3
-73.9006685,40.6436608,0,0,2,1,1
-73.9653823,40.6362793,1,1,3,3,5
-73.9793801,40.6010012,1,1,1,0,2
-73.9229592,40.6841469,0,0,2,1,1
-73.9940024,40.6607898,1,1,3,2,3
-73.9264817,40.6941402,0,2,0,4,4
-73.9650613,40.5957085,1,1,1,0,2
-73.9557162,40.6405826,1,1,2,3,5
-73.9268932,40.7036676,0,2,0,4,4
-73.9404215,40.6998739,0,2,0,4,4
-73.9361956,40.6010539,1,1,1,0,2
-73.9742167,40.5901115,1,1,1,0,2
-73.9727156,40.6775217,0,2,0,4,3
-73.9108861,40.6853679,0,0,2,1,1
-73.9592007,40.6461284,1,1,3,3,5
-73.9602915,40.6903471,0,2,0,4,3
-73.9235855,40.6505183,0,0,2,3,5
-73.9438905,40.6832396,0,2,0,4,4
-73.9220058,40.654629,0,0,2,1,1
-73.9588589,40.7095517,0,2,0,4,4
-73.92495,40.6933158,0,2,0,4,4
-73.9256052,40.6685062,0,0,2,1,1
-73.9181358,40.6511569,0,0,2,1,1
-73.9199049,40.690499,0,0,2,1,1
-73.9926239,40.5781084,1,1,1,0,2
-73.946481,40.6317075,1,0,2,3,5
-73.9786336,40.6379102,1,1,3,2,0
-73.9026216,40.6806649,0,0,2,1,1
-73.905095,40.6476061,0,0,2,1,1
-73.9136047,40.6992997,0,2,0,1,4
-73.9734765,40.5952551,1,1,1,0,2
-73.9910308,40.6998478,0,2,0,4,3
-73.9288573,40.6374565,0,0,2,3,5
-74.0095587,40.6354937,1,1,3,2,0
-74.0073571,40.6341626,1,1,3,2,0
-73.898666,40.6714802,0,0,2,1,1
-73.9204583,40.6588384,0,0,2,1,1
-73.9656896,40.7042593,0,2,0,4,4
-73.9134073,40.6514087,0,0,2,1,1
-74.0140348,40.6242945,1,1,3,2,0
-73.8859432,40.636228,0,0,2,1,1
-73.9837849,40.6721934,0,2,3,2,3
-74.0253457,40.6228597,1,1,3,2,0
-74.0149074,40.6442297,1,1,3,2,0
-73.9492319,40.6385488,1,0,2,3,5
-73.931783,40.5881398,1,1,1,0,2
-73.9288675,40.6819714,0,0,2,1,4
-73.9339188,40.6165086,1,0,1,3,5
-73.9163215,40.6495279,0,0,2,1,1
-73.9624155,40.7093526,0,2,0,4,4
-74.0081149,40.6437775,1,1,3,2,0
-73.9608887,40.5943649,1,1,1,0,2
-74.0149074,40.6442297,1,1,3,2,0
-73.9243649,40.6114632,1,0,1,3,5
-73.9478919,40.6887749,0,2,0,4,4
-73.9923627,40.6896895,0,2,0,4,3
-73.8958679,40.6718921,0,0,2,1,1
-73.8961633,40.6465718,0,0,2,1,1
-73.9395971,40.7062111,0,2,0,4,4
-73.9141312,40.6601815,0,0,2,1,1
-74.0055664,40.633084,1,1,3,2,0
-74.0114187,40.6199141,1,1,3,2,0
-73.9275877,40.7017631,0,2,0,4,4
-73.9703479,40.5862047,1,1,1,0,2
-74.0204175,40.645733,1,1,3,2,0
-73.9794247,40.5962966,1,1,1,0,2
-73.9354706,40.6990725,0,2,0,4,4
-73.9829307,40.6997727,0,2,0,4,3
-73.9352898,40.7144568,0,2,0,4,4
-73.9192013,40.6194251,1,0,2,3,5
-73.9723479,40.6774475,0,2,0,4,3
-74.0023175,40.6594725,1,1,3,2,0
-73.9451007,40.6453732,0,0,2,3,5
-73.9572076,40.6635186,0,2,0,3,3
-73.9974982,40.5752183,1,1,1,0,2
-73.9382545,40.6137031,1,0,1,3,5
-73.9857116,40.6984501,0,2,0,4,3
-73.9958098,40.57776,1,1,1,0,2
-74.0333115,40.6179445,1,1,3,2,0
-73.9839176,40.6601383,1,1,3,2,3
-73.940233,40.7170917,0,2,0,4,4
-73.9752435,40.6854052,0,2,0,4,3
-73.8881726,40.6324369,0,0,2,1,1
-73.9400778,40.7091016,0,2,0,4,4
-73.9524886,40.6950048,0,2,0,4,4
-73.9974153,40.6703473,1,2,3,2,3
-73.9754675,40.6744673,0,2,0,4,3
-73.9803638,40.647693,1,1,3,2,0
-73.9943105,40.6409121,1,1,3,2,0
-73.9329896,40.5841112,1,1,1,0,2
-73.9438162,40.600218,1,1,1,0,2
-73.9352898,40.7144568,0,2,0,4,4
-73.9579038,40.708426,0,2,0,4,4
-73.9397155,40.7069193,0,2,0,4,4
-73.9623637,40.5774108,1,1,1,0,2
-73.9890081,40.5872373,1,1,1,0,2
-73.9176544,40.6382505,0,0,2,3,5
-73.9950956,40.6459461,1,1,3,2,0
-73.9434834,40.5934876,1,1,1,0,2
-73.9132766,40.635508,0,0,2,3,5
-73.89071,40.6472557,0,0,2,1,1
-73.9441849,40.6847054,0,2,0,4,4
-73.9087722,40.6544573,0,0,2,1,1
-73.9474653,40.6490386,0,0,2,3,5
-73.9506459,40.6608261,0,0,2,3,5
-73.9726825,40.6526402,1,1,3,2,3
-73.9965685,40.6650745,1,1,3,2,3
-73.9663301,40.5858989,1,1,1,0,2
-73.9531488,40.5970272,1,1,1,0,2
-73.9593941,40.7073534,0,2,0,4,4
-73.970545,40.6453166,1,1,3,2,5
-73.9279933,40.6568012,0,0,2,3,5
-73.9552939,40.6792042,0,2,0,4,3
-73.9109381,40.6787832,0,0,2,1,1
-74.0059263,40.6286429,1,1,3,2,0
-73.9809286,40.6889031,0,2,0,4,3
-73.9625737,40.671645,0,2,0,4,3
-73.9382388,40.6345909,1,0,2,3,5
-73.9472399,40.6469634,0,0,2,3,5
-73.93976,40.6656874,0,0,2,3,5
-73.9874311,40.6831263,0,2,0,4,3
-73.9651721,40.6247649,1,1,1,0,5
-74.0256624,40.6221405,1,1,3,2,0
-73.9624487,40.6631828,0,2,0,3,3
-73.8968533,40.6757357,0,0,2,1,1
-73.8936503,40.6632221,0,0,2,1,1
-73.9092812,40.6432041,0,0,2,1,1
-73.9680438,40.578439,1,1,1,0,2
-73.9887629,40.696197,0,2,0,4,3
-73.9769717,40.6509669,1,1,3,2,3
-73.9604328,40.7195213,0,2,0,4,4
-73.9366568,40.6691002,0,0,2,3,5
-73.9090657,40.6241743,0,0,2,3,5
-73.9006685,40.6436608,0,0,2,1,1
-73.9081702,40.6388143,0,0,2,1,1
-73.9098906,40.6456145,0,0,2,1,1
-73.9642976,40.6097753,1,1,1,0,2
-73.9499135,40.6760949,0,2,0,4,3
-73.9681646,40.6119531,1,1,1,0,2
-73.9420297,40.6711863,0,2,2,3,5
-74.0127369,40.6566254,1,1,3,2,0
-73.9306974,40.6732579,0,0,2,1,1
-73.9973009,40.6472719,1,1,3,2,0
-73.9313901,40.6516898,0,0,2,3,5
-73.9590084,40.7186369,0,2,0,4,4
-73.9253821,40.642384,0,0,2,3,5
-73.9910308,40.6998478,0,2,0,4,3
-73.9256087,40.6524465,0,0,2,3,5
-73.9054185,40.6431296,0,0,2,1,1
-73.9883975,40.5785801,1,1,1,0,2
-74.0183267,40.6167265,1,1,3,2,0
-73.9839237,40.6948378,0,2,0,4,3
-73.9611853,40.598312,1,1,1,0,2
-73.9278657,40.6281676,0,0,2,3,5
-73.9307732,40.6279882,1,0,2,3,5
-73.9848306,40.6869302,0,2,0,4,3
-73.9497788,40.6348134,1,0,2,3,5
-73.9457051,40.6510057,0,0,2,3,5
-73.9408696,40.6826699,0,2,0,4,4
-73.9844572,40.6028547,1,1,1,0,2
-73.9341818,40.6201181,1,0,1,3,5
-73.9057546,40.6730288,0,0,2,1,1
-73.9516457,40.7234868,0,2,0,4,4
-73.9844021,40.6075593,1,1,1,0,2
-73.9426881,40.7146912,0,2,0,4,4
-73.958584,40.6817416,0,2,0,4,3
-73.9105484,40.6575246,0,0,2,1,1
-73.9439099,40.7116424,0,2,0,4,4
-73.9744443,40.6164204,1,1,1,0,2
-73.9943105,40.6409121,1,1,3,2,0
-73.9845292,40.6960346,0,2,0,4,3
-73.9814363,40.6138389,1,1,1,0,2
-73.9967902,40.626826,1,1,3,2,0
-73.9342568,40.7121231,0,2,0,4,4
-73.9348039,40.7133723,0,2,0,4,4
-73.9573511,40.6814832,0,2,0,4,3
-73.9765777,40.6440033,1,1,3,2,0
-73.9448057,40.7274856,0,2,0,4,4
-74.0044903,40.6507056,1,1,3,2,0
-73.9547354,40.7105932,0,2,0,4,4
-73.9575944,40.729879,0,2,0,4,4
-73.9830033,40.5848102,1,1,1,0,2
-73.9822119,40.5959869,1,1,1,0,2
-73.9061253,40.6760813,0,0,2,1,1
-74.0026064,40.6731826,1,2,3,2,3
-73.9844344,40.5924958,1,1,1,0,2
-73.9626369,40.5781657,1,1,1,0,2
-73.9538096,40.6828487,0,2,0,4,3
-73.8851822,40.6367076,0,0,2,1,1
-73.9168107,40.6386809,0,0,2,3,5
-74.0074055,40.6479057,1,1,3,2,0
-73.9573549,40.7262997,0,2,0,4,4
-74.0128328,40.64936,1,1,3,2,0
-73.9178688,40.6543214,0,0,2,1,1
-73.9712378,40.6850282,0,2,0,4,3
-73.9769357,40.5988707,1,1,1,0,2
-73.959474,40.5758727,1,1,1,0,2
-73.9600492,40.5832701,1,1,1,0,2
-73.906594,40.64775,0,0,2,1,1
-73.9648003,40.715046,0,2,0,4,4
-73.9315975,40.6356768,0,0,2,3,5
-73.9425841,40.7139556,0,2,0,4,4
-73.9118065,40.692785,0,0,2,1,1
-73.9604221,40.6525571,0,1,3,3,5
-73.9642156,40.6350987,1,1,3,3,5
-73.9642156,40.6350987,1,1,3,3,5
-73.9865462,40.5836578,1,1,1,0,2
-73.9917611,40.684812,0,2,0,4,3
-74.0238834,40.6337239,1,1,3,2,0
-73.9282299,40.6647091,0,0,2,1,1
-73.936908,40.6664269,0,0,2,3,5
-73.9590155,40.5781233,1,1,1,0,2
-73.9340054,40.5945255,1,1,1,0,2
-73.997671,40.6786804,0,2,3,2,3
-73.8646778,40.6808598,0,0,2,1,1
-73.9966,40.6127809,1,1,3,2,0
-74.0039065,40.6512655,1,1,3,2,0
-74.0097367,40.6456658,1,1,3,2,0
-73.9634141,40.6051748,1,1,1,0,2
-73.9862735,40.5788242,1,1,1,0,2
-73.9266726,40.635306,0,0,2,3,5
-74.0029734,40.575619,1,1,1,0,2
-73.9915969,40.6144522,1,1,3,2,0
-74.0391827,40.6178549,1,1,3,2,0
-73.9575944,40.729879,0,2,0,4,4
-73.9031775,40.6553118,0,0,2,1,1
-73.9647775,40.6830392,0,2,0,4,3
-74.0210119,40.6334692,1,1,3,2,0
-73.9542459,40.7301988,0,2,0,4,4
-73.9529869,40.678723,0,2,0,4,3
-73.9256233,40.6166737,1,0,2,3,5
-73.8740363,40.6777002,0,0,2,1,1
-73.9974982,40.5752183,1,1,1,0,2
-73.8961242,40.6578144,0,0,2,1,1
-73.9204583,40.6588384,0,0,2,1,1
-73.9197075,40.6717575,0,0,2,1,1
-73.9399911,40.6211643,1,0,1,3,5
-73.8828892,40.6334362,0,0,2,1,1
-73.9332467,40.6978553,0,2,0,4,4
-74.0102489,40.648707,1,1,3,2,0
-73.8900044,40.6511499,0,0,2,1,1
-73.9876351,40.5745946,1,1,1,0,2
-73.9558256,40.6929914,0,2,0,4,4
-73.9888461,40.6950223,0,2,0,4,3
-73.9917345,40.6667376,1,2,3,2,3
-73.9552939,40.6792042,0,2,0,4,3
-73.9076365,40.6417288,0,0,2,1,1
-73.989687,40.5740047,1,1,1,0,2
-73.958708,40.6503881,0,0,3,3,5
-73.8881726,40.6324369,0,0,2,1,1
-73.9087978,40.6910754,0,0,2,1,1
-73.9923627,40.6896895,0,2,0,4,3
-73.9860183,40.5944448,1,1,1,0,2
-73.9605171,40.5894516,1,1,1,0,2
-73.9858588,40.6165212,1,1,3,0,0
-73.9474279,40.6142236,1,1,1,3,5
-73.9390407,40.6007425,1,1,1,0,2
-73.9426881,40.7146912,0,2,0,4,4
-73.9166193,40.641947,0,0,2,3,5
-73.8894182,40.6569792,0,0,2,1,1
-73.9534179,40.5880683,1,1,1,0,2
-73.9223289,40.6216588,1,0,2,3,5
-73.9465215,40.7070105,0,2,0,4,4
-73.9096977,40.6656265,0,0,2,1,1
-73.9082437,40.6561339,0,0,2,1,1
-73.9619104,40.7159289,0,2,0,4,4
-73.9298678,40.6050714,1,0,1,3,5
-73.9441554,40.6295078,1,0,2,3,5
-73.9798612,40.629451,1,1,3,2,0
-73.9147622,40.6345512,0,0,2,3,5
-73.9463647,40.6957047,0,2,0,4,4
-73.996556,40.6276412,1,1,3,2,0
-73.9139623,40.6486012,0,0,2,1,1
-73.9135597,40.6784284,0,0,2,1,1
-73.9473835,40.5837124,1,1,1,0,2
-73.9539839,40.623556,1,1,1,3,5
-73.9563012,40.6550478,0,0,2,3,5
-73.9580577,40.7217327,0,2,0,4,4
-73.9583996,40.6363264,1,1,1,3,5
-73.949557,40.6803904,0,2,0,4,4
-73.9974153,40.6703473,1,2,3,2,3
-73.9076365,40.6417288,0,0,2,1,1
-73.9394321,40.7052558,0,2,0,4,4
-73.9567033,40.6741709,0,2,0,4,3
-73.9091188,40.6407693,0,0,2,1,1
-73.9876351,40.5745946,1,1,1,0,2
-73.9661334,40.6896738,0,2,0,4,3
-73.9235892,40.7070278,0,2,0,4,4
-74.0026734,40.6350192,1,1,3,2,0
-73.9088607,40.681993,0,0,2,1,1
-73.9520675,40.6286468,1,1,1,3,5
-73.976609,40.5753038,1,1,1,0,2
-73.9410184,40.595921,1,1,1,0,2
-73.9448793,40.6341771,1,0,2,3,5
-73.9419319,40.7007255,0,2,0,4,4
-73.9091555,40.6746537,0,0,2,1,1
-73.9582932,40.6798312,0,2,0,4,3
-73.8667311,40.6528929,0,0,2,1,1
-73.8819394,40.6713407,0,0,2,1,1
-73.9657174,40.6222646,1,1,1,0,2
-73.973995,40.6140296,1,1,1,0,2
-73.9845292,40.6960346,0,2,0,4,3
-73.957019,40.6989727,0,2,0,4,4
-73.8732219,40.6869382,0,0,2,1,1
-73.8912714,40.6764305,0,0,2,1,1
-73.8912714,40.6764305,0,0,2,1,1
-73.9311561,40.7037717,0,2,0,4,4
-73.9663685,40.6024665,1,1,1,0,2
-73.9623122,40.7197689,0,2,0,4,4
-73.9926138,40.7020602,0,2,0,4,3
-73.9771079,40.5797121,1,1,1,0,2
-73.9608887,40.5943649,1,1,1,0,2
-73.9718339,40.5798042,1,1,1,0,2
-73.9481706,40.7246381,0,2,0,4,4
-73.9449683,40.6529158,0,0,2,3,5
-74.0151603,40.6471227,1,1,3,2,0
-73.9092812,40.6432041,0,0,2,1,1
-73.9257853,40.6815715,0,0,2,1,1
-73.9395114,40.7012787,0,2,0,4,4
-73.9459999,40.6117856,1,1,1,0,2
-73.9618087,40.7107357,0,2,0,4,4
-74.0072062,40.6377555,1,1,3,2,0
-73.955191,40.7358671,0,2,0,4,4
-73.9469195,40.6783196,0,2,0,4,4
-73.9547447,40.6969956,0,2,0,4,4
-73.9948477,40.6357602,1,1,3,2,0
-73.8678817,40.6669969,0,0,2,1,1
-74.0132314,40.6423059,1,1,3,2,0
-74.0144917,40.6549235,1,1,3,2,0
-73.9758366,40.5910643,1,1,1,0,2
-73.9496774,40.6784553,0,2,0,4,3
-73.9833217,40.6936492,0,2,0,4,3
-73.966775,40.6322943,1,1,3,3,5
-73.9162233,40.6990271,0,2,0,1,4
-73.9852652,40.5967449,1,1,1,0,2
-73.948513,40.6409447,1,0,2,3,5
-73.9422665,40.7016369,0,2,0,4,4
-73.962859,40.6125498,1,1,1,0,2
-73.9081807,40.6312085,0,0,2,3,5
-73.9937269,40.6778404,0,2,3,2,3
-73.9465215,40.7070105,0,2,0,4,4
-73.9727361,40.6361331,1,1,3,2,0
-73.9315393,40.6643433,0,0,2,3,5
-73.9563872,40.6558741,0,0,2,3,5
-73.9517381,40.7254356,0,2,0,4,4
-73.9492435,40.7133192,0,2,0,4,4
-74.0316385,40.6220485,1,1,3,2,0
-73.985087,40.6207124,1,1,3,2,0
-73.9421529,40.5914695,1,1,1,0,2
-73.9634433,40.5846656,1,1,1,0,2
-73.9405567,40.72223,0,2,0,4,4
-73.9677858,40.6879835,0,2,0,4,3
-74.0035559,40.6309239,1,1,3,2,0
-73.9419913,40.7277505,0,2,0,4,4
-73.9135535,40.6692636,0,0,2,1,1
-73.8642165,40.6790038,0,0,2,1,1
-73.9849797,40.6976184,0,2,0,4,3
-73.8932525,40.6820674,0,0,2,1,1
-73.9185718,40.701403,0,2,0,4,4
-73.9071563,40.6761397,0,0,2,1,1
-73.9245917,40.6466434,0,0,2,3,5
-74.0238337,40.645919,1,1,3,2,0
-73.9847045,40.7023531,0,2,0,4,3
-73.9717271,40.6875289,0,2,0,4,3
-74.022687,40.6221769,1,1,3,2,0
-74.0178146,40.6414351,1,1,3,2,0
-73.9157263,40.6585496,0,0,2,1,1
-73.9698128,40.6388964,1,1,3,3,5
-73.8797328,40.6555642,0,0,2,1,1
-73.9814013,40.6879453,0,2,0,4,3
-74.0304832,40.616518,1,1,3,2,0
-73.9293933,40.6519384,0,0,2,3,5
-73.9388038,40.7138741,0,2,0,4,4
-73.9482476,40.5882802,1,1,1,0,2
-73.9641058,40.5979864,1,1,1,0,2
-73.9469072,40.7027837,0,2,0,4,4
-73.9852826,40.6976294,0,2,0,4,3
-73.9157263,40.6585496,0,0,2,1,1
-73.8958631,40.6518799,0,0,2,1,1
-74.0208761,40.648744,1,1,3,2,0
-73.9472285,40.6750535,0,2,0,4,3
-73.9118611,40.6951153,0,0,2,1,1
-73.9499473,40.7175904,0,2,0,4,4
-73.9720779,40.5903416,1,1,1,0,2
-73.9021057,40.6587776,0,0,2,1,1
-73.9631275,40.6937323,0,2,0,4,3
-74.0075648,40.6544301,1,1,3,2,0
-73.9387562,40.7145932,0,2,0,4,4
-73.9257658,40.708805,0,2,0,4,4
-73.9559401,40.6233399,1,1,1,3,5
-73.9600159,40.6448523,1,1,3,3,5
-73.9089197,40.6625545,0,0,2,1,1
-73.9550998,40.7105878,0,2,0,4,4
-73.9502553,40.6190832,1,1,1,3,5
-73.9600379,40.608031,1,1,1,0,2
-73.9988646,40.6627909,1,1,3,2,3
-73.9624487,40.6631828,0,2,0,3,3
-73.9752963,40.6209138,1,1,1,0,2
-73.9080899,40.6761899,0,0,2,1,1
-73.8941719,40.6365927,0,0,2,1,1
-73.9529911,40.5858119,1,1,1,0,2
-73.9349338,40.5840327,1,1,1,0,2
-73.976609,40.5753038,1,1,1,0,2
-73.9499726,40.5973772,1,1,1,0,2
-73.9495828,40.6796356,0,2,0,4,4
-73.9340839,40.6498688,0,0,2,3,5
-73.9720063,40.6322738,1,1,3,2,0
-73.9582575,40.5986294,1,1,1,0,2
-73.9708633,40.6262377,1,1,1,0,2
-73.9677858,40.6879835,0,2,0,4,3
-73.9762114,40.5798272,1,1,1,0,2
-73.9596768,40.5917075,1,1,1,0,2
-73.9118074,40.6975554,0,0,2,1,1
-73.9370159,40.6323121,1,0,2,3,5
-73.9107412,40.6696841,0,0,2,1,1
-73.9511173,40.7109568,0,2,0,4,4
-73.9538756,40.7125169,0,2,0,4,4
-74.0202788,40.6280621,1,1,3,2,0
-73.9288573,40.6374565,0,0,2,3,5
-73.9598908,40.7030333,0,2,0,4,4
-73.952875,40.576883,1,1,1,0,2
-73.8930184,40.6796078,0,0,2,1,1
-73.9997191,40.6054825,1,1,3,0,0
-73.8916479,40.659932,0,0,2,1,1
-73.9847045,40.7023531,0,2,0,4,3
-73.9587761,40.7268904,0,2,0,4,4
-73.9890171,40.5761593,1,1,1,0,2
-73.9569568,40.6611799,0,2,0,3,3
-73.9669612,40.6056754,1,1,1,0,2
-73.9893124,40.6655654,1,2,3,2,3
-73.9531302,40.71076,0,2,0,4,4
-74.0034365,40.6206941,1,1,3,2,0
-73.867181,40.6604526,0,0,2,1,1
-73.9575944,40.729879,0,2,0,4,4
-73.930381,40.6517331,0,0,2,3,5
-74.0029374,40.6588768,1,1,3,2,0
-73.936554,40.5876183,1,1,1,0,2
-73.9628969,40.7192284,0,2,0,4,4
-73.9599419,40.5819581,1,1,1,0,2
-73.9743798,40.5871993,1,1,1,0,2
-73.9927005,40.6344673,1,1,3,2,0
-73.9166193,40.641947,0,0,2,3,5
-73.993711,40.5780014,1,1,1,0,2
-73.9466746,40.6509486,0,0,2,3,5
-73.9478974,40.6679201,0,2,0,3,5
-73.9550751,40.7043106,0,2,0,4,4
-73.9639998,40.5876412,1,1,1,0,2
-74.0201514,40.6355664,1,1,3,2,0
-73.9493728,40.7140658,0,2,0,4,4
-73.9112306,40.6730798,0,0,2,1,1
-73.9563855,40.6750491,0,2,0,4,3
-73.947563,40.6714882,0,2,0,4,3
-73.9184779,40.7073811,0,2,0,4,4
-73.9589963,40.5917841,1,1,1,0,2
-73.9740952,40.6433056,1,1,3,2,0
-73.9576249,40.7159274,0,2,0,4,4
-73.9910308,40.6998478,0,2,0,4,3
-73.9314554,40.6652326,0,0,2,3,5
-73.9574045,40.6091307,1,1,1,0,2
-73.8639204,40.6739421,0,0,2,1,1
-74.0119963,40.6470298,1,1,3,2,0
-73.9368131,40.5839651,1,1,1,0,2
-74.0304832,40.616518,1,1,3,2,0
-73.9926138,40.7020602,0,2,0,4,3
-73.9873883,40.5851593,1,1,1,0,2
-73.9444984,40.7152274,0,2,0,4,4
-73.9907077,40.6891376,0,2,0,4,3
-73.9516499,40.643065,1,0,2,3,5
-73.9763154,40.6825097,0,2,0,4,3
-73.899792,40.6442255,0,0,2,1,1
-73.9484129,40.6399867,1,0,2,3,5
-73.9343912,40.6636039,0,0,2,3,5
-73.9917667,40.6108455,1,1,3,0,0
-73.9533863,40.659227,0,0,2,3,5
-73.9917423,40.6909932,0,2,0,4,3
-73.881575,40.6390535,0,0,2,1,1
-73.9502515,40.6725296,0,2,0,4,3
-73.9322699,40.6973167,0,2,0,4,4
-73.9320898,40.6582338,0,0,2,3,5
-73.9476012,40.6595868,0,0,2,3,5
-73.983213,40.6959932,0,2,0,4,3
-73.9271346,40.6213573,1,0,2,3,5
-73.9494698,40.7050191,0,2,0,4,4
-73.9725262,40.6471122,1,1,3,2,3
-73.9498444,40.6768744,0,2,0,4,3
-73.9796099,40.5794435,1,1,1,0,2
-73.9420676,40.7147294,0,2,0,4,4
-73.9804621,40.6812232,0,2,0,4,3
-74.0028842,40.6769155,1,2,3,2,3
-73.9622041,40.5795709,1,1,1,0,2
-73.9077366,40.6579423,0,0,2,1,1
-73.9661497,40.5866702,1,1,1,0,2
-73.9781533,40.6302824,1,1,3,2,0
-73.9197094,40.6073017,1,0,1,3,5
-73.9741053,40.6359825,1,1,3,2,0
-73.9532221,40.7083529,0,2,0,4,4
-73.9561419,40.694578,0,2,0,4,4
-73.9617203,40.7203204,0,2,0,4,4
-73.9812022,40.5755654,1,1,1,0,2
-73.9605786,40.7110373,0,2,0,4,4
-73.8583153,40.6667907,0,0,2,1,1
-74.000072,40.6204828,1,1,3,2,0
-73.9849297,40.6315982,1,1,3,2,0
-73.9617203,40.7203204,0,2,0,4,4
-73.9550751,40.7043106,0,2,0,4,4
-73.9964024,40.6690078,1,2,3,2,3
-73.9053871,40.6678546,0,0,2,1,1
-73.9861232,40.6614699,1,1,3,2,3
-73.9858588,40.6165212,1,1,3,0,0
-73.9257477,40.6602775,0,0,2,1,1
-73.9691283,40.5997335,1,1,1,0,2
-73.9862735,40.5788242,1,1,1,0,2
-73.9473957,40.6732722,0,2,0,4,3
-73.9507904,40.7237719,0,2,0,4,4
-73.9588584,40.698677,0,2,0,4,4
-73.9338933,40.7113352,0,2,0,4,4
-73.9574886,40.7090791,0,2,0,4,4
-73.952678,40.6770266,0,2,0,4,3
-73.9440024,40.6529729,0,0,2,3,5
-73.9209829,40.6449749,0,0,2,3,5
-74.0151603,40.6471227,1,1,3,2,0
-73.9547959,40.6108205,1,1,1,0,2
-73.944623,40.6869042,0,2,0,4,4
-73.9225436,40.6819344,0,0,2,1,1
-73.974959,40.5789211,1,1,1,0,2
-73.9188491,40.6987573,0,2,0,1,4
-73.9166193,40.641947,0,0,2,3,5
-73.8847976,40.6841507,0,0,2,1,1
-74.0277916,40.6314641,1,1,3,2,0
-73.9607309,40.6054703,1,1,1,0,2
-73.9342674,40.69409,0,2,0,4,4
-73.9398113,40.6607852,0,0,2,3,5
-73.9861571,40.6890192,0,2,0,4,3
-73.9418348,40.7169223,0,2,0,4,4
-73.9554123,40.690908,0,2,0,4,4
-73.9907288,40.6930489,0,2,0,4,3
-73.9762114,40.5798272,1,1,1,0,2
-73.989131,40.6064564,1,1,1,0,2
-73.9596347,40.5779945,1,1,1,0,2
-73.955197,40.6946875,0,2,0,4,4
-73.9581766,40.7334254,0,2,0,4,4
-73.8910863,40.6683909,0,0,2,1,1
-73.9153111,40.6647936,0,0,2,1,1
-73.9890086,40.6276764,1,1,3,2,0
-73.9164642,40.6766464,0,0,2,1,1
-73.9478547,40.7041126,0,2,0,4,4
-73.9276931,40.6910998,0,2,0,4,4
-73.928607,40.6256044,1,0,2,3,5
-73.9910238,40.6714586,1,2,3,2,3
-73.9874997,40.6440461,1,1,3,2,0
-73.9306058,40.6538055,0,0,2,3,5
-73.9394238,40.6547986,0,0,2,3,5
-73.9410619,40.7220903,0,2,0,4,4
-73.9366568,40.6691002,0,0,2,3,5
-73.9163325,40.6551328,0,0,2,1,1
-73.9306135,40.6741471,0,0,2,1,1
-73.9573747,40.5824979,1,1,1,0,2
-73.9889359,40.6101152,1,1,1,0,2
-73.904896,40.6380842,0,0,2,1,1
-74.0082406,40.6402038,1,1,3,2,0
-74.0084977,40.6503924,1,1,3,2,0
-73.9083816,40.6738269,0,0,2,1,1
-73.9480158,40.6362673,1,0,2,3,5
-73.9340839,40.6498688,0,0,2,3,5
-74.0114127,40.6475898,1,1,3,2,0
-73.9771034,40.6767074,0,2,0,4,3
-73.9628143,40.6605095,0,2,0,3,3
-73.9846394,40.5935526,1,1,1,0,2
-73.9419319,40.7007255,0,2,0,4,4
-74.0126478,40.6428659,1,1,3,2,0
-73.9607887,40.5930144,1,1,1,0,2
-73.9394113,40.6368038,0,0,2,3,5
-73.9510061,40.5972624,1,1,1,0,2
-73.9967485,40.5956424,1,1,1,0,2
-73.9967485,40.5956424,1,1,1,0,2
-73.9618989,40.6981895,0,2,0,4,4
-74.0117129,40.6127337,1,1,3,2,0
-73.8968533,40.6757357,0,0,2,1,1
-73.9742872,40.6219978,1,1,1,0,2
-73.9646376,40.5933231,1,1,1,0,2
-73.8964854,40.6294172,0,0,2,1,1
-73.973516,40.6228375,1,1,1,0,2
-73.9228316,40.6355423,0,0,2,3,5
-74.0041359,40.630364,1,1,3,2,0
-73.9355882,40.6856945,0,2,0,4,4
-73.9404222,40.711218,0,2,0,4,4
-74.0169076,40.6454454,1,1,3,2,0
-73.9100022,40.6483539,0,0,2,1,1
-73.950066,40.6554241,0,0,2,3,5
-74.0050023,40.6537577,1,1,3,2,0
-74.0257501,40.6160581,1,1,3,2,0
-73.9575609,40.7145001,0,2,0,4,4
-73.9493455,40.588514,1,1,1,0,2
-73.9493455,40.588514,1,1,1,0,2
-73.9373966,40.6797311,0,2,0,4,4
-74.0161184,40.6153846,1,1,3,2,0
-73.9679705,40.5886305,1,1,1,0,2
-73.9059495,40.6345745,0,0,2,1,1
-73.947563,40.6714882,0,2,0,4,3
-74.0301651,40.613927,1,1,3,2,0
-73.9492194,40.7306798,0,2,0,4,4
-73.9414719,40.5837974,1,1,1,0,2
-73.9523623,40.6496692,0,0,2,3,5
-73.9945377,40.6383073,1,1,3,2,0
-73.9220991,40.6642522,0,0,2,1,1
-73.9402012,40.5916853,1,1,1,0,2
-73.8791269,40.6816746,0,0,2,1,1
-73.9331802,40.7137996,0,2,0,4,4
-73.9762346,40.6259754,1,1,3,2,0
-73.924128,40.6900051,0,2,0,1,4
-73.957332,40.5987306,1,1,1,0,2
-73.9679705,40.5886305,1,1,1,0,2
-73.9026252,40.6682722,0,0,2,1,1
-74.0052266,40.6189731,1,1,3,2,0
-73.9361762,40.6514675,0,0,2,3,5
-73.9845292,40.6960346,0,2,0,4,3
-74.0077113,40.6746262,1,2,3,2,3
-73.9912614,40.701028,0,2,0,4,3
-74.0108218,40.6481525,1,1,3,2,0
-73.9455229,40.6401638,1,0,2,3,5
-73.9258275,40.6273922,0,0,2,3,5
-74.0027306,40.6248223,1,1,3,2,0
-73.9776156,40.6331533,1,1,3,2,0
-73.867517,40.6654731,0,0,2,1,1
-73.9505022,40.6698646,0,2,0,4,3
-73.9983062,40.6497395,1,1,3,2,0
-73.9821324,40.6912281,0,2,0,4,3
-73.939532,40.6904835,0,2,0,4,4
-73.9360259,40.6878906,0,2,0,4,4
-73.8683673,40.6620157,0,0,2,1,1
-74.0037214,40.6273118,1,1,3,2,0
-73.960698,40.6553404,0,2,3,3,5
-73.9618986,40.6923019,0,2,0,4,3
-73.9402644,40.6941482,0,2,0,4,4
-73.984791,40.6709886,0,2,3,2,3
-73.9501533,40.6832699,0,2,0,4,4
-73.9994015,40.6841453,0,2,3,2,3
-73.9950956,40.6459461,1,1,3,2,0
-73.9069229,40.6547385,0,0,2,1,1
-73.9915987,40.60058,1,1,1,0,2
-73.9434834,40.5934876,1,1,1,0,2
-73.9939279,40.6470687,1,1,3,2,0
-73.9514819,40.7304639,0,2,0,4,4
-73.9467957,40.6979035,0,2,0,4,4
-73.9329218,40.6479962,0,0,2,3,5
-73.9059696,40.6509444,0,0,2,1,1
-73.9310841,40.6582963,0,0,2,3,5
-73.9263799,40.6655149,0,0,2,1,1
-73.9612123,40.6447237,1,1,3,3,5
-73.9675328,40.6817692,0,2,0,4,3
-73.9517381,40.7254356,0,2,0,4,4
-73.9114377,40.633857,0,0,2,3,5
-73.944623,40.6869042,0,2,0,4,4
-73.9791852,40.6831278,0,2,0,4,3
-73.9332342,40.6418947,0,0,2,3,5
-73.9609211,40.6127578,1,1,1,0,2
-73.9702235,40.5905415,1,1,1,0,2
-73.9878392,40.6598177,1,1,3,2,3
-73.9275386,40.6772496,0,0,2,1,1
-73.9588835,40.7047676,0,2,0,4,4
-73.9857387,40.6896312,0,2,0,4,3
-73.9322699,40.6973167,0,2,0,4,4
-73.9610281,40.5961601,1,1,1,0,2
-73.9552939,40.6792042,0,2,0,4,3
-73.9564767,40.6567112,0,0,2,3,5
-73.935859,40.6777156,0,2,0,4,4
-73.9574578,40.7008229,0,2,0,4,4
-73.9353978,40.725908,0,2,0,4,4
-73.9080899,40.6761899,0,0,2,1,1
-73.9473795,40.5887299,1,1,1,0,2
-74.0140002,40.64824,1,1,3,2,0
-73.9278555,40.6375904,0,0,2,3,5
-73.9156959,40.6170648,1,0,2,3,5
-73.9239891,40.6284066,0,0,2,3,5
-73.976665,40.6829709,0,2,0,4,3
-74.0183267,40.6167265,1,1,3,2,0
-73.9615863,40.6962076,0,2,0,4,4
-74.0099287,40.6521655,1,1,3,2,0
-73.9417575,40.6320154,1,0,2,3,5
-73.9474653,40.6490386,0,0,2,3,5
-74.0247518,40.6243201,1,1,3,2,0
-74.0090886,40.6498215,1,1,3,2,0
-73.9948955,40.6707918,1,2,3,2,3
-73.986682,40.6609292,1,1,3,2,3
-73.9872271,40.6938007,0,2,0,4,3
-73.9925792,40.5916787,1,1,1,0,2
-73.9610935,40.6940116,0,2,0,4,4
-73.9809286,40.6889031,0,2,0,4,3
-73.9448294,40.616045,1,1,1,3,5
-73.9580577,40.7217327,0,2,0,4,4
-74.010259,40.6210313,1,1,3,2,0
-73.9135004,40.618485,0,0,2,3,5
-73.931731,40.6179263,1,0,1,3,5
-73.9450575,40.6891029,0,2,0,4,4
-73.9563925,40.6257308,1,1,1,3,5
-73.9633618,40.6152042,1,1,1,0,2
-74.0283156,40.6352545,1,1,3,2,0
-73.944623,40.6869042,0,2,0,4,4
-73.9990374,40.6758423,1,2,3,2,3
-73.8828892,40.6334362,0,0,2,1,1
-73.9733756,40.6858851,0,2,0,4,3
-73.9802186,40.6150052,1,1,1,0,2
-73.9327055,40.6552149,0,0,2,3,5
-74.0096287,40.6216352,1,1,3,2,0
-73.881575,40.6390535,0,0,2,1,1
-73.9522587,40.7339885,0,2,0,4,4
-73.9220058,40.654629,0,0,2,1,1
-73.9405567,40.72223,0,2,0,4,4
-73.9451224,40.6364471,1,0,2,3,5
-73.9787596,40.6837645,0,2,0,4,3
-73.9856891,40.6856595,0,2,0,4,3
-74.0274902,40.6169854,1,1,3,2,0
-73.9189307,40.6405845,0,0,2,3,5
-73.9649031,40.7047614,0,2,0,4,4
-73.9299991,40.6481811,0,0,2,3,5
-73.949118,40.6130524,1,1,1,0,2
-73.9348672,40.6300903,1,0,2,3,5
-73.9480158,40.6362673,1,0,2,3,5
-73.9830482,40.6774056,0,2,0,4,3
-73.9237498,40.6643768,0,0,2,1,1
-73.92624,40.6584196,0,0,2,3,5
-73.9046251,40.6411033,0,0,2,1,1
-73.9700187,40.6217937,1,1,1,0,2
-73.958983,40.683751,0,2,0,4,3
-73.9599419,40.5819581,1,1,1,0,2
-73.973995,40.6140296,1,1,1,0,2
-73.9610935,40.6940116,0,2,0,4,4
-73.9030285,40.6586411,0,0,2,1,1
-73.9490836,40.7243366,0,2,0,4,4
-73.9263299,40.7140452,0,2,0,4,4
-73.9416404,40.7082295,0,2,0,4,4
-73.9201276,40.6611218,0,0,2,1,1
-74.0119074,40.6332345,1,1,3,2,0
-73.9917667,40.6108455,1,1,3,0,0
-74.0042282,40.6091961,1,1,3,2,0
-73.9534701,40.7302699,0,2,0,4,4
-74.0228769,40.619465,1,1,3,2,0
-73.9641058,40.5979864,1,1,1,0,2
-74.0163429,40.649656,1,1,3,2,0
-73.9182933,40.6873579,0,0,2,1,1
-73.9414991,40.6144102,1,1,1,3,5
-73.9672897,40.7070018,0,2,0,4,4
-73.9672844,40.6147717,1,1,1,0,2
-73.9672844,40.6147717,1,1,1,0,2
-73.9610284,40.718967,0,2,0,4,4
-73.9366568,40.6691002,0,0,2,3,5
-73.9656248,40.6271557,1,1,1,3,5
-73.9920525,40.6903454,0,2,0,4,3
-73.9745025,40.6807335,0,2,0,4,3
-73.9624155,40.7093526,0,2,0,4,4
-73.8770276,40.67046,0,0,2,1,1
-74.0227699,40.6434682,1,1,3,2,0
-73.9593451,40.7225346,0,2,0,4,4
-74.0312674,40.6373563,1,1,3,2,0
-73.9314554,40.6652326,0,0,2,3,5
-73.9441849,40.6847054,0,2,0,4,4
-74.0157476,40.64656,1,1,3,2,0
-73.9575338,40.7116098,0,2,0,4,4
-73.9504063,40.7066527,0,2,0,4,4
-74.0170205,40.6076551,1,1,3,2,0
-73.9610281,40.5961601,1,1,1,0,2
-73.9602427,40.6572314,0,2,3,3,5
-73.8935477,40.6552018,0,0,2,1,1
-73.9769717,40.6509669,1,1,3,2,3
-73.8776389,40.6811159,0,0,2,1,1
-73.9244048,40.5921838,1,0,1,0,2
-73.9699667,40.6091511,1,1,1,0,2
-73.9556973,40.7070418,0,2,0,4,4
-73.9370755,40.6646429,0,0,2,3,5
-73.9370159,40.6323121,1,0,2,3,5
-73.9390758,40.6728262,0,0,2,4,5
-73.9533075,40.6585133,0,0,2,3,5
-73.882203,40.6853613,0,0,2,1,1
-73.942558,40.5935887,1,1,1,0,2
-73.9707939,40.603519,1,1,1,0,2
-73.968775,40.5928687,1,1,1,0,2
-73.9385688,40.6988491,0,2,0,4,4
-74.0083695,40.6052187,1,1,3,2,0
-73.9141134,40.6963988,0,0,2,1,1
-73.9765674,40.6219955,1,1,1,0,2
-73.9856988,40.673975,0,2,3,2,3
-73.8613162,40.671142,0,0,2,1,1
-73.9514952,40.5882789,1,1,1,0,2
-74.0275073,40.6321559,1,1,3,2,0
-73.9843735,40.6835431,0,2,0,4,3
-73.9985947,40.6425838,1,1,3,2,0
-73.9123973,40.6163899,1,0,2,3,5
-73.9742167,40.5901115,1,1,1,0,2
-73.9100022,40.6483539,0,0,2,1,1
-73.9107635,40.6422446,0,0,2,1,1
-73.949858,40.64439,0,0,2,3,5
-73.9942669,40.6445352,1,1,3,2,0
-74.0241544,40.6257805,1,1,3,2,0
-73.8983008,40.6367364,0,0,2,1,1
-73.9450059,40.7079101,0,2,0,4,4
-73.9624487,40.6631828,0,2,0,3,3
-74.0029374,40.6588768,1,1,3,2,0
-73.9730215,40.5985185,1,1,1,0,2
-73.9620415,40.6186183,1,1,1,0,2
-73.9285998,40.6659692,0,0,2,1,1
-73.9940342,40.6678494,1,2,3,2,3
-73.9769016,40.6036878,1,1,1,0,2
-73.9164642,40.6766464,0,0,2,1,1
-73.9819939,40.6834193,0,2,0,4,3
-73.9477514,40.6610059,0,0,2,3,5
-73.9533541,40.6691137,0,2,0,4,3
-73.9346446,40.6550952,0,0,2,3,5
-73.9752435,40.6854052,0,2,0,4,3
-73.9193861,40.675213,0,0,2,1,1
-73.9811087,40.6515907,1,1,3,2,3
-73.9483121,40.5886288,1,1,1,0,2
-73.9725665,40.6017957,1,1,1,0,2
-73.9833217,40.6936492,0,2,0,4,3
-73.9420758,40.688698,0,2,0,4,4
-73.9822776,40.6739992,0,2,0,4,3
-73.9281805,40.6704292,0,0,2,1,1
-73.9332342,40.6418947,0,0,2,3,5
-73.9514645,40.6898634,0,2,0,4,4
-73.9883031,40.6245143,1,1,3,2,0
-73.9396792,40.6912192,0,2,0,4,4
-73.9275386,40.6772496,0,0,2,1,1
-73.9588589,40.7095517,0,2,0,4,4
-73.9385688,40.6988491,0,2,0,4,4
-73.9535506,40.5991464,1,1,1,0,2
-73.9463647,40.6957047,0,2,0,4,4
-73.9444982,40.6245976,1,0,1,3,5
-73.9195931,40.661997,0,0,2,1,1
-73.9579956,40.6943646,0,2,0,4,4
-73.9640339,40.6846667,0,2,0,4,3
-73.953369,40.699405,0,2,0,4,4
-73.9592778,40.6852168,0,2,0,4,3
-73.9655103,40.6813432,0,2,0,4,3
